A,1,0
A,2,0
A,3,1
A,4,0
A,5,0
A,6,0
A,7,0
A,8,0
A,9,0
A,10,1
A,11,1
A,12,0
A,13,1
A,14,1
A,15,1
A,16,0
A,17,0
A,18,0
A,19,0
A,20,0
A,21,0
A,22,0
A,23,1
A,24,1
A,25,0
A,26,0
A,27,1
A,28,0
A,29,0
A,30,0
A,31,0
A,32,0
A,33,1
A,34,0
A,35,0
A,36,0
A,37,0
A,38,0
A,39,0
A,40,0
A,41,1
A,42,0
A,43,1
A,44,0
A,45,1
A,46,0
A,47,0
A,48,0
A,49,0
A,50,0
A,51,0
A,52,0
A,53,1
A,54,0
A,55,0
A,56,0
A,57,0
A,58,1
A,59,0
A,60,1
A,61,1
A,62,0
A,63,1
A,64,0
A,65,1
A,66,0
A,67,1
A,68,0
A,69,0
A,70,0
A,71,0
A,72,1
A,73,1
A,74,1
A,75,0
A,76,0
A,77,1
A,78,0
A,79,1
A,80,0
A,81,0
A,82,0
A,83,0
A,84,1
A,85,0
A,86,0
A,87,1
A,88,0
A,89,0
A,90,0
A,91,0
A,92,1
A,93,1
A,94,1
A,95,1
A,96,0
A,97,0
A,98,0
A,99,1
A,100,1
A,101,0
A,102,0
A,103,0
A,104,1
A,105,0
A,106,0
A,107,0
A,108,1
A,109,0
A,110,0
A,111,1
A,112,1
A,113,1
A,114,1
A,115,0
A,116,1
A,117,0
A,118,0
A,119,0
A,120,0
A,121,1
A,122,0
A,123,0
A,124,1
A,125,1
A,126,0
A,127,0
A,128,0
A,129,1
A,130,0
A,131,1
A,132,0
A,133,0
A,134,0
A,135,1
A,136,0
A,137,1
A,138,1
A,139,0
A,140,0
A,141,0
A,142,0
A,143,0
A,144,0
A,145,1
A,146,1
A,147,0
A,148,1
A,149,1
A,150,0
A,151,1
A,152,0
A,153,1
A,154,1
A,155,1
A,156,1
A,157,0
A,158,0
A,159,0
A,160,1
A,161,0
A,162,0
A,163,1
A,164,0
A,165,1
A,166,1
A,167,0
A,168,1
A,169,1
A,170,0
A,171,0
A,172,0
A,173,0
A,174,1
A,175,0
A,176,1
A,177,0
A,178,0
A,179,1
A,180,0
A,181,0
A,182,1
A,183,1
A,184,1
A,185,0
A,186,0
A,187,0
A,188,0
A,189,1
A,190,0
A,191,1
A,192,0
A,193,0
A,194,0
A,195,0
A,196,1
A,197,0
A,198,0
A,199,0
A,200,1
A,201,0
A,202,0
A,203,1
A,204,1
A,205,0
A,206,0
A,207,0
A,208,1
A,209,1
A,210,1
A,211,1
A,212,0
A,213,1
A,214,0
A,215,0
A,216,1
A,217,0
A,218,0
A,219,0
A,220,0
A,221,1
A,222,1
A,223,0
A,224,0
A,225,0
A,226,0
A,227,0
A,228,0
A,229,1
B,1,0
B,2,0
B,3,0
B,4,0
B,5,0
B,6,0
B,7,0
B,8,0
B,9,0
B,10,0
B,11,0
B,12,0
B,13,0
B,14,0
B,15,0
B,16,0
B,17,0
B,18,0
B,19,0
B,20,0
B,21,0
B,22,0
B,23,0
B,24,0
B,25,0
B,26,0
B,27,0
B,28,0
B,29,0
B,30,0
B,31,0
B,32,0
B,33,0
B,34,0
B,35,0
B,36,0
B,37,1
B,38,0
B,39,0
B,40,0
B,41,0
B,42,0
B,43,0
B,44,0
B,45,0
B,46,0
B,47,0
B,48,0
B,49,0
B,50,0
B,51,0
B,52,0
B,53,0
B,54,0
B,55,0
B,56,0
B,57,0
B,58,0
B,59,0
B,60,0
B,61,0
B,62,0
B,63,0
B,64,0
B,65,0
B,66,0
B,67,0
B,68,0
B,69,0
B,70,0
B,71,0
B,72,0
B,73,0
B,74,0
B,75,0
B,76,0
B,77,0
B,78,0
B,79,0
B,80,0
B,81,0
B,82,0
B,83,0
B,84,0
B,85,0
B,86,0
B,87,0
B,88,0
B,89,0
B,90,0
B,91,0
B,92,0
B,93,0
B,94,0
B,95,0
B,96,0
B,97,0
B,98,0
B,99,0
B,100,0
B,101,0
B,102,0
B,103,0
B,104,0
B,105,0
B,106,0
B,107,0
B,108,0
B,109,0
B,110,0
B,111,0
B,112,0
B,113,0
B,114,0
B,115,0
B,116,1
B,117,0
B,118,0
B,119,0
B,120,1
B,121,0
B,122,0
B,123,0
B,124,0
B,125,0
B,126,0
B,127,0
B,128,0
B,129,0
B,130,0
B,131,1
B,132,0
B,133,0
B,134,0
B,135,0
B,136,0
B,137,0
B,138,0
B,139,0
B,140,0
B,141,0
B,142,0
B,143,0
B,144,0
B,145,0
B,146,0
B,147,0
B,148,0
B,149,0
B,150,0
B,151,0
B,152,0
B,153,0
B,154,1
B,155,0
B,156,0
B,157,0
B,158,1
B,159,0
B,160,0
B,161,0
B,162,0
B,163,0
B,164,0
B,165,0
B,166,0
B,167,0
B,168,0
B,169,0
B,170,0
B,171,0
B,172,0
B,173,0
B,174,0
B,175,0
B,176,0
B,177,0
B,178,0
B,179,0
B,180,0
B,181,1
B,182,0
B,183,0
B,184,0
B,185,0
B,186,0
B,187,0
B,188,0
B,189,0
B,190,0
B,191,0
B,192,0
B,193,0
B,194,0
B,195,0
B,196,0
B,197,0
B,198,0
B,199,0
B,200,0
B,201,0
B,202,0
B,203,0
B,204,0
B,205,0
B,206,0
B,207,0
B,208,0
B,209,0
B,210,0
B,211,0
B,212,0
B,213,0
B,214,0
B,215,0
B,216,0
B,217,0
B,218,0
B,219,1
B,220,0
B,221,0
B,222,0
B,223,0
B,224,0
B,225,0
B,226,0
B,227,0
B,228,0
B,229,0
B,230,0
B,231,0
B,232,0
B,233,0
B,234,0
B,235,0
B,236,0
B,237,1
B,238,0
B,239,0
B,240,0
B,241,0
B,242,1
B,243,0
B,244,0
B,245,0
B,246,0
B,247,0
B,248,0
B,249,0
B,250,0
B,251,0
B,252,0
B,253,0
B,254,0
B,255,0
B,256,0
B,257,0
B,258,0
B,259,0
B,260,0
B,261,0
B,262,0
B,263,0
B,264,0
B,265,0
B,266,0
B,267,0
B,268,0
B,269,0
B,270,0
C,1,0
C,2,0
C,3,0
C,4,0
C,5,1
C,6,0
C,7,0
C,8,0
C,9,0
C,10,0
C,11,0
C,12,0
C,13,0
C,14,0
C,15,0
C,16,0
C,17,0
C,18,0
C,19,0
C,20,0
C,21,0
C,22,1
C,23,0
C,24,0
C,25,1
C,26,0
C,27,0
C,28,0
C,29,0
C,30,0
C,31,0
C,32,0
C,33,0
C,34,0
C,35,0
C,36,0
C,37,0
C,38,0
C,39,0
C,40,0
C,41,0
C,42,0
C,43,0
C,44,1
C,45,0
C,46,0
C,47,0
C,48,0
C,49,0
C,50,0
C,51,0
C,52,0
C,53,0
C,54,0
C,55,0
C,56,0
C,57,0
C,58,0
C,59,0
C,60,0
C,61,0
C,62,0
C,63,0
C,64,0
C,65,1
C,66,0
C,67,0
C,68,0
C,69,0
C,70,0
C,71,0
C,72,0
C,73,0
C,74,1
C,75,0
C,76,0
C,77,0
C,78,0
C,79,0
C,80,0
C,81,0
C,82,0
C,83,0
C,84,0
C,85,0
C,86,0
C,87,0
C,88,0
C,89,0
C,90,0
C,91,0
C,92,0
C,93,0
C,94,1
C,95,0
C,96,0
C,97,0
C,98,1
C,99,0
C,100,0
C,101,0
C,102,0
C,103,0
C,104,0
C,105,1
C,106,0
C,107,0
C,108,0
C,109,1
C,110,0
C,111,0
C,112,0
C,113,0
C,114,0
C,115,0
C,116,0
C,117,0
C,118,0
C,119,1
C,120,0
C,121,0
C,122,0
C,123,0
C,124,0
C,125,0
C,126,0
C,127,0
C,128,0
C,129,0
C,130,0
C,131,0
C,132,0
C,133,0
C,134,0
C,135,0
C,136,0
C,137,0
C,138,0
C,139,0
C,140,0
C,141,0
C,142,0
C,143,0
C,144,0
C,145,0
C,146,0
C,147,0
C,148,0
C,149,0
C,150,0
C,151,0
C,152,0
C,153,0
C,154,0
C,155,0
C,156,0
C,157,0
C,158,1
C,159,0
C,160,0
C,161,0
C,162,0
C,163,0
C,164,0
C,165,0
C,166,0
C,167,0
C,168,0
C,169,0
C,170,0
C,171,0
C,172,0
C,173,0
C,174,0
C,175,0
C,176,0
C,177,0
C,178,0
C,179,0
C,180,0
C,181,0
C,182,0
C,183,0
C,184,0
C,185,0
C,186,1
C,187,0
C,188,0
C,189,0
C,190,0
C,191,0
C,192,0
C,193,0
C,194,0
C,195,0
C,196,0
C,197,0
C,198,0
C,199,0
C,200,0
C,201,0
C,202,0
C,203,1
C,204,0
C,205,0
C,206,0
C,207,0
C,208,0
C,209,0
C,210,0
C,211,0
C,212,0
C,213,0
C,214,0
C,215,0
C,216,0
C,217,0
C,218,0
C,219,0
C,220,0
C,221,0
C,222,0
C,223,0
C,224,0
C,225,0
C,226,0
C,227,0
C,228,0
C,229,0
C,230,0
C,231,0
C,232,0
C,233,1
C,234,0
C,235,0
C,236,0
C,237,0
C,238,0
C,239,0
C,240,0
C,241,0
C,242,0
C,243,0
C,244,0
C,245,0
C,246,0
C,247,1
C,248,0
C,249,0
C,250,0
C,251,0
C,252,0
C,253,0
C,254,0
C,255,0
C,256,0
C,257,1
C,258,0
C,259,0
C,260,1
C,261,0
C,262,0
C,263,0
C,264,0
C,265,0
C,266,0
C,267,1
C,268,1
C,269,0
D,1,0
D,2,1
D,3,0
D,4,0
D,5,0
D,6,1
D,7,1
D,8,0
D,9,1
D,10,1
D,11,1
D,12,0
D,13,1
D,14,0
D,15,1
D,16,0
D,17,0
D,18,0
D,19,0
D,20,0
D,21,0
D,22,0
D,23,0
D,24,0
D,25,0
D,26,1
D,27,1
D,28,0
D,29,0
D,30,0
D,31,0
D,32,0
D,33,1
D,34,0
D,35,1
D,36,0
D,37,0
D,38,0
D,39,0
D,40,1
D,41,1
D,42,0
D,43,0
D,44,0
D,45,0
D,46,0
D,47,0
D,48,0
D,49,1
D,50,0
D,51,0
D,52,1
D,53,0
D,54,0
D,55,0
D,56,0
D,57,0
D,58,0
D,59,0
D,60,0
D,61,1
D,62,0
D,63,0
D,64,1
D,65,0
D,66,0
D,67,1
D,68,0
D,69,0
D,70,0
D,71,1
D,72,1
D,73,0
D,74,1
D,75,1
D,76,0
D,77,0
D,78,0
D,79,1
D,80,0
D,81,0
D,82,0
D,83,1
D,84,0
D,85,1
D,86,0
D,87,1
D,88,0
D,89,1
D,90,0
D,91,1
D,92,0
D,93,0
D,94,0
D,95,1
D,96,0
D,97,1
D,98,0
D,99,0
D,100,0
D,101,1
D,102,0
D,103,0
D,104,0
D,105,0
D,106,0
D,107,0
D,108,0
D,109,0
D,110,1
D,111,1
D,112,0
D,113,0
D,114,0
D,115,0
D,116,0
D,117,0
D,118,0
D,119,1
D,120,0
D,121,0
D,122,1
D,123,0
D,124,1
D,125,1
D,126,0
D,127,1
D,128,0
D,129,1
D,130,1
D,131,1
D,132,1
D,133,0
D,134,0
D,135,1
D,136,0
D,137,0
D,138,0
D,139,1
D,140,0
D,141,0
D,142,1
D,143,1
D,144,0
D,145,0
D,146,0
D,147,1
D,148,0
D,149,0
D,150,1
D,151,1
D,152,1
D,153,0
D,154,0
D,155,1
D,156,0
D,157,1
D,158,0
D,159,0
D,160,0
D,161,0
D,162,0
D,163,0
D,164,1
D,165,0
D,166,0
D,167,0
D,168,0
D,169,0
D,170,1
D,171,0
D,172,0
D,173,0
D,174,1
D,175,1
D,176,1
D,177,1
D,178,1
D,179,0
D,180,0
D,181,0
D,182,1
D,183,1
D,184,1
D,185,1
D,186,0
D,187,1
D,188,0
D,189,1
D,190,0
D,191,0
D,192,0
D,193,0
D,194,0
D,195,1
D,196,1
D,197,0
D,198,1
D,199,1
D,200,0
D,201,1
D,202,0
D,203,1
D,204,0
D,205,1
D,206,1
D,207,0
D,208,0
D,209,0
D,210,1
D,211,0
D,212,0
D,213,0
D,214,0
D,215,1
D,216,1
D,217,0
D,218,0
D,219,0
D,220,0
D,221,1
D,222,0
D,223,0
D,224,0
D,225,0
D,226,0
D,227,0
D,228,1
D,229,0
D,230,0
D,231,1
D,232,0
D,233,1
D,234,1
D,235,0
D,236,1
D,237,0
D,238,0
D,239,0
D,240,1
D,241,0
D,242,1
D,243,1
D,244,1
D,245,0
D,246,1
D,247,1
D,248,0
D,249,0
D,250,1
D,251,1
D,252,1
D,253,1
D,254,1
D,255,0
D,256,1
D,257,1
D,258,0
D,259,0
D,260,1
D,261,1
D,262,0
D,263,1
D,264,1
D,265,0
D,266,1
D,267,0
D,268,1
D,269,1
D,270,0
D,271,0
D,272,0
D,273,1
D,274,0
D,275,0
D,276,0
D,277,1
D,278,0
D,279,0
D,280,1
D,281,1
D,282,0
D,283,1
D,284,0
D,285,0
D,286,0
D,287,1
D,288,1
D,289,0
D,290,1
D,291,1
D,292,0
D,293,1
D,294,1
D,295,0
D,296,0
D,297,1
D,298,0
D,299,0
D,300,0
D,301,1
D,302,1
D,303,0
D,304,0
D,305,1
D,306,0
D,307,0
D,308,0
D,309,1
D,310,0
D,311,1
D,312,0
D,313,1
D,314,0
D,315,0
D,316,0
D,317,0
D,318,0
D,319,0
D,320,0
D,321,1
D,322,0
D,323,0
D,324,1
D,325,0
D,326,0
D,327,0
D,328,0
D,329,0
D,330,0
D,331,0
D,332,0
D,333,0
D,334,0
D,335,1
D,336,1
D,337,1
D,338,0
D,339,0
D,340,0
D,341,0
E,1,1
E,2,1
E,3,0
E,4,0
E,5,0
E,6,1
E,7,1
E,8,0
E,9,1
E,10,1
E,11,0
E,12,0
E,13,1
E,14,0
E,15,0
E,16,0
E,17,1
E,18,1
E,19,1
E,20,0
E,21,1
E,22,1
E,23,0
E,24,1
E,25,0
E,26,1
E,27,0
E,28,0
E,29,0
E,30,0
E,31,0
E,32,0
E,33,1
E,34,1
E,35,1
E,36,0
E,37,0
E,38,0
E,39,0
E,40,1
E,41,1
E,42,0
E,43,0
E,44,0
E,45,0
E,46,0
E,47,0
E,48,1
E,49,0
E,50,0
E,51,0
E,52,0
E,53,1
E,54,1
E,55,0
E,56,1
E,57,0
E,58,1
E,59,0
E,60,1
E,61,1
E,62,0
E,63,1
E,64,0
E,65,0
E,66,1
E,67,1
E,68,0
E,69,0
E,70,0
E,71,1
E,72,0
E,73,0
E,74,1
E,75,0
E,76,0
E,77,0
E,78,1
E,79,0
E,80,1
E,81,0
E,82,0
E,83,0
E,84,0
E,85,1
E,86,0
E,87,1
E,88,0
E,89,1
E,90,0
E,91,1
E,92,0
E,93,0
E,94,0
E,95,1
E,96,0
E,97,0
E,98,1
E,99,1
E,100,1
E,101,1
E,102,0
E,103,1
E,104,0
E,105,0
E,106,1
E,107,1
E,108,0
E,109,0
E,110,1
E,111,1
E,112,0
E,113,0
E,114,1
E,115,0
E,116,1
E,117,0
E,118,1
E,119,0
E,120,1
E,121,1
E,122,1
E,123,1
E,124,1
E,125,1
E,126,0
E,127,0
E,128,1
E,129,1
E,130,0
E,131,0
E,132,1
E,133,1
E,134,1
E,135,0
E,136,0
E,137,0
E,138,0
E,139,1
E,140,1
E,141,1
E,142,0
E,143,0
E,144,0
E,145,1
E,146,0
E,147,0
E,148,0
E,149,0
E,150,1
E,151,0
E,152,1
E,153,0
E,154,0
E,155,1
E,156,1
E,157,1
E,158,1
E,159,0
E,160,0
E,161,0
E,162,0
E,163,0
E,164,1
E,165,0
E,166,1
E,167,0
E,168,0
E,169,1
E,170,1
E,171,1
E,172,0
E,173,1
E,174,0
E,175,1
E,176,0
E,177,0
E,178,1
E,179,0
E,180,1
E,181,1
E,182,0
E,183,1
E,184,1
E,185,0
E,186,1
E,187,0
E,188,1
E,189,0
E,190,1
E,191,1
E,192,0
E,193,1
E,194,0
E,195,1
E,196,0
E,197,0
E,198,0
E,199,1
E,200,1
E,201,1
E,202,0
E,203,0
E,204,1
E,205,1
E,206,0
E,207,0
E,208,0
E,209,1
E,210,0
E,211,0
E,212,0
E,213,1
E,214,1
E,215,0
E,216,1
E,217,1
E,218,1
E,219,0
E,220,0
E,221,1
E,222,1
E,223,1
E,224,0
E,225,0
E,226,0
E,227,0
E,228,0
E,229,0
E,230,1
E,231,0
E,232,1
E,233,1
E,234,1
E,235,0
E,236,0
E,237,0
E,238,0
E,239,1
E,240,0
E,241,1
E,242,0
E,243,1
E,244,0
E,245,1
E,246,0
E,247,1
E,248,1
E,249,1
E,250,0
E,251,0
E,252,1
E,253,1
E,254,1
E,255,0
E,256,0
E,257,1
E,258,0
E,259,1
E,260,0
E,261,0
E,262,0
E,263,0
E,264,0
E,265,0
E,266,0
E,267,0
E,268,1
E,269,0
E,270,0
E,271,1
E,272,0
E,273,1
E,274,1
E,275,0
E,276,1
E,277,0
E,278,1
E,279,0
E,280,0
E,281,1
E,282,1
E,283,0
E,284,0
E,285,0
E,286,1
E,287,0
E,288,0
E,289,0
E,290,1
E,291,1
E,292,0
E,293,1
E,294,0
E,295,0
E,296,1
E,297,1
E,298,1
E,299,1
E,300,1
E,301,0
E,302,0
E,303,1
E,304,0
E,305,1
E,306,1
E,307,0
E,308,0
E,309,1
E,310,0
E,311,1
E,312,0
E,313,1
E,314,1
E,315,1
E,316,1
E,317,0
E,318,1
E,319,0
E,320,0
E,321,1
E,322,1
E,323,0
E,324,0
E,325,0
E,326,1
E,327,1
E,328,0
E,329,0
E,330,1
E,331,0
E,332,0
E,333,0
E,334,0
E,335,0
E,336,1
E,337,1
E,338,1
E,339,0
E,340,1
E,341,1
E,342,0
E,343,1
E,344,1
E,345,0
E,346,0
E,347,1
E,348,0
E,349,0
E,350,1
E,351,0
E,352,1
E,353,0
E,354,0
E,355,1
E,356,0
E,357,1
E,358,0
E,359,1
E,360,0
E,361,1
E,362,1
E,363,0
E,364,1
E,365,0
E,366,0
E,367,0
E,368,0
E,369,1
E,370,0
E,371,1
E,372,1
E,373,1
E,374,0
E,375,1
E,376,0
E,377,0
E,378,0
E,379,1
E,380,1
E,381,1
E,382,1
E,383,0
E,384,0
E,385,1
E,386,1
E,387,1
E,388,1
E,389,1
E,390,0
E,391,0
E,392,1
E,393,1
E,394,0
E,395,0
E,396,0
E,397,0
E,398,1
E,399,1
E,400,1
E,401,1
E,402,0
E,403,0
E,404,1
E,405,1
E,406,0
E,407,0
E,408,1
E,409,0
E,410,0
E,411,1
E,412,1
E,413,0
E,414,1
E,415,0
E,416,1
E,417,0
E,418,0
E,419,1
E,420,1
E,421,1
E,422,0
E,423,0
E,424,0
E,425,1
E,426,1
E,427,0
E,428,1
E,429,0
E,430,0
E,431,1
E,432,0
E,433,1
E,434,1
E,435,1
E,436,0
E,437,0
E,438,0
E,439,1
E,440,0
E,441,0
E,442,0
E,443,0
E,444,0
E,445,0
E,446,0
F,1,0
F,2,1
F,3,1
F,4,0
F,5,0
F,6,0
F,7,0
F,8,0
F,9,0
F,10,0
F,11,0
F,12,0
F,13,0
F,14,0
F,15,0
F,16,0
F,17,0
F,18,0
F,19,0
F,20,1
F,21,0
F,22,1
F,23,0
F,24,0
F,25,0
F,26,0
F,27,0
F,28,0
F,29,0
F,30,0
F,31,0
F,32,0
F,33,1
F,34,1
F,35,0
F,36,0
F,37,0
F,38,0
F,39,1
F,40,0
F,41,0
F,42,0
F,43,1
F,44,0
F,45,0
F,46,0
F,47,1
F,48,1
F,49,0
F,50,0
F,51,1
F,52,0
F,53,0
F,54,0
F,55,1
F,56,0
F,57,0
F,58,0
F,59,0
F,60,0
F,61,0
F,62,0
F,63,0
F,64,0
F,65,0
F,66,0
F,67,0
F,68,0
F,69,0
F,70,0
F,71,0
F,72,0
F,73,0
F,74,1
F,75,0
F,76,0
F,77,0
F,78,0
F,79,0
F,80,0
F,81,0
F,82,1
F,83,0
F,84,1
F,85,0
F,86,0
F,87,0
F,88,0
F,89,0
F,90,0
F,91,1
F,92,0
F,93,0
F,94,0
F,95,1
F,96,0
F,97,0
F,98,0
F,99,0
F,100,0
F,101,0
F,102,0
F,103,0
F,104,1
F,105,0
F,106,1
F,107,0
F,108,0
F,109,0
F,110,0
F,111,0
F,112,0
F,113,0
F,114,0
F,115,0
F,116,0
F,117,0
F,118,1
F,119,0
F,120,1
F,121,0
F,122,0
F,123,0
F,124,0
F,125,0
F,126,1
F,127,1
F,128,0
F,129,0
F,130,0
F,131,0
F,132,0
F,133,0
F,134,1
F,135,0
F,136,0
F,137,0
F,138,0
F,139,0
F,140,0
F,141,0
F,142,0
F,143,0
F,144,0
F,145,0
F,146,0
F,147,0
F,148,1
F,149,0
F,150,0
F,151,0
F,152,0
F,153,0
F,154,0
F,155,0
F,156,0
F,157,0
F,158,0
F,159,0
F,160,0
F,161,0
F,162,1
F,163,0
F,164,0
F,165,0
F,166,1
F,167,0
F,168,0
F,169,0
F,170,1
F,171,0
F,172,0
F,173,1
F,174,0
F,175,0
F,176,0
F,177,0
F,178,0
F,179,0
F,180,0
F,181,1
F,182,0
F,183,0
F,184,0
F,185,0
F,186,0
F,187,0
F,188,0
F,189,0
F,190,0
F,191,1
F,192,0
F,193,0
F,194,0
F,195,1
F,196,0
F,197,0
F,198,1
F,199,0
F,200,0
F,201,1
F,202,0
F,203,0
F,204,0
F,205,0
F,206,0
F,207,0
F,208,1
F,209,0
F,210,1
F,211,0
F,212,0
F,213,1
F,214,0
F,215,1
F,216,0
F,217,0
F,218,0
F,219,0
F,220,0
F,221,0
F,222,0
F,223,0
F,224,0
F,225,0
F,226,0
F,227,1
F,228,0
F,229,0
F,230,0
F,231,0
F,232,0
F,233,0
F,234,0
F,235,1
F,236,0
F,237,0
F,238,0
F,239,1
F,240,0
F,241,1
F,242,0
F,243,0
F,244,0
F,245,0
F,246,0
F,247,0
F,248,1
F,249,0
F,250,0
F,251,0
F,252,0
F,253,1
F,254,0
F,255,0
F,256,0
F,257,0
F,258,0
F,259,0
F,260,0
F,261,0
F,262,1
F,263,0
F,264,0
F,265,1
F,266,0
F,267,0
F,268,0
F,269,0
F,270,0
F,271,1
F,272,1
F,273,0
F,274,1
F,275,0
F,276,0
F,277,1
F,278,0
F,279,0
F,280,0
F,281,1
F,282,1
F,283,0
F,284,0
F,285,1
F,286,0
F,287,1
F,288,0
F,289,0
F,290,0
F,291,0
F,292,0
F,293,1
F,294,0
F,295,1
F,296,0
F,297,0
F,298,0
F,299,1
F,300,0
F,301,0
F,302,0
F,303,1
F,304,0
F,305,0
F,306,0
F,307,0
F,308,1
F,309,0
F,310,0
F,311,0
F,312,0
F,313,0
F,314,1
F,315,1
F,316,0
F,317,0
F,318,0
F,319,1
F,320,0
F,321,1
F,322,0
F,323,0
F,324,1
F,325,1
F,326,0
F,327,0
F,328,0
F,329,0
F,330,0
F,331,1
F,332,0
F,333,0
F,334,0
F,335,0
F,336,0
F,337,0
F,338,0
F,339,0
F,340,1
F,341,1
F,342,0
F,343,0
F,344,0
F,345,0
F,346,0
F,347,0
F,348,0
F,349,0
F,350,0
F,351,0
F,352,0
F,353,0
F,354,0
F,355,0
F,356,1
F,357,0
F,358,0
F,359,0
F,360,1
F,361,0
F,362,0
F,363,0
F,364,0
F,365,1
F,366,1
F,367,0
F,368,0
F,369,0
F,370,0
F,371,0
F,372,0
F,373,1
F,374,0
F,375,0
F,376,0
F,377,0
F,378,1
F,379,0
F,380,0
F,381,1
F,382,0
F,383,0
F,384,1
F,385,0
F,386,0
F,387,0
F,388,0
F,389,0
F,390,1
F,391,1
F,392,0
F,393,1
F,394,0
F,395,0
F,396,0
F,397,0
F,398,1
F,399,0
F,400,0
F,401,0
F,402,1
F,403,0
F,404,0
F,405,1
F,406,1
F,407,0
F,408,0
F,409,1
F,410,0
F,411,0
F,412,0
G,1,1
G,2,0
G,3,1
G,4,1
G,5,0
G,6,0
G,7,1
G,8,0
G,9,1
G,10,0
G,11,0
G,12,0
G,13,0
G,14,0
G,15,1
G,16,0
G,17,1
G,18,1
G,19,0
G,20,1
G,21,1
G,22,1
G,23,1
G,24,0
G,25,1
G,26,1
G,27,0
G,28,1
G,29,0
G,30,1
G,31,0
G,32,0
G,33,1
G,34,1
G,35,0
G,36,1
G,37,0
G,38,1
G,39,1
G,40,1
G,41,1
G,42,1
G,43,1
G,44,0
G,45,1
G,46,0
G,47,1
G,48,1
G,49,1
G,50,0
G,51,0
G,52,1
G,53,1
G,54,1
G,55,0
G,56,0
G,57,1
G,58,1
G,59,1
G,60,1
G,61,0
G,62,1
G,63,1
G,64,1
G,65,1
G,66,1
G,67,1
G,68,0
G,69,0
G,70,1
G,71,1
G,72,1
G,73,1
G,74,1
G,75,1
G,76,1
G,77,1
G,78,1
G,79,1
G,80,1
G,81,1
G,82,1
G,83,0
G,84,0
G,85,1
G,86,0
G,87,1
G,88,1
G,89,1
G,90,1
G,91,0
G,92,1
G,93,1
G,94,1
G,95,1
G,96,0
G,97,0
G,98,1
G,99,0
G,100,1
G,101,1
G,102,1
G,103,1
G,104,1
G,105,1
G,106,1
G,107,1
G,108,1
G,109,1
G,110,1
G,111,0
G,112,1
G,113,0
G,114,1
G,115,1
G,116,1
G,117,1
G,118,1
G,119,1
G,120,1
G,121,0
G,122,0
G,123,1
G,124,0
G,125,1
G,126,0
G,127,0
G,128,0
G,129,1
G,130,1
G,131,1
G,132,1
G,133,1
G,134,1
G,135,0
G,136,1
G,137,1
G,138,1
G,139,1
G,140,1
G,141,1
G,142,1
G,143,1
G,144,1
G,145,1
G,146,1
G,147,0
G,148,0
G,149,1
G,150,0
G,151,1
G,152,0
G,153,0
G,154,1
G,155,0
G,156,0
G,157,1
G,158,1
G,159,1
G,160,1
G,161,1
G,162,0
G,163,1
G,164,1
G,165,1
G,166,1
G,167,1
G,168,1
G,169,1
G,170,1
G,171,1
G,172,0
G,173,1
G,174,1
G,175,1
G,176,1
G,177,1
G,178,1
G,179,0
G,180,0
G,181,1
G,182,1
G,183,0
G,184,1
G,185,0
G,186,0
G,187,1
G,188,0
G,189,1
G,190,1
G,191,0
G,192,1
G,193,1
G,194,0
G,195,0
G,196,1
G,197,0
G,198,1
G,199,1
G,200,1
G,201,0
G,202,1
G,203,1
G,204,1
G,205,1
G,206,1
G,207,1
G,208,1
G,209,1
G,210,1
G,211,1
G,212,0
G,213,1
G,214,1
G,215,0
G,216,1
G,217,0
G,218,0
G,219,1
G,220,0
G,221,0
G,222,1
G,223,1
G,224,1
G,225,1
G,226,1
G,227,0
G,228,1
G,229,0
G,230,0
G,231,0
G,232,0
G,233,1
G,234,1
G,235,0
G,236,1
G,237,1
H,1,0
H,2,0
H,3,0
H,4,0
H,5,0
H,6,0
H,7,0
H,8,0
H,9,0
H,10,1
H,11,0
H,12,0
H,13,0
H,14,0
H,15,0
H,16,0
H,17,0
H,18,0
H,19,0
H,20,0
H,21,0
H,22,0
H,23,0
H,24,0
H,25,0
H,26,0
H,27,0
H,28,0
H,29,0
H,30,1
H,31,0
H,32,0
H,33,0
H,34,0
H,35,0
H,36,0
H,37,0
H,38,0
H,39,0
H,40,0
H,41,0
H,42,1
H,43,0
H,44,0
H,45,0
H,46,0
H,47,0
H,48,0
H,49,0
H,50,0
H,51,0
H,52,0
H,53,0
H,54,0
H,55,0
H,56,0
H,57,0
H,58,0
H,59,0
H,60,0
H,61,1
H,62,0
H,63,1
H,64,0
H,65,0
H,66,0
H,67,0
H,68,0
H,69,1
H,70,0
H,71,1
H,72,0
H,73,0
H,74,0
H,75,0
H,76,0
H,77,0
H,78,0
H,79,0
H,80,0
H,81,0
H,82,0
H,83,0
H,84,0
H,85,0
H,86,0
H,87,0
H,88,0
H,89,0
H,90,1
H,91,0
H,92,1
H,93,0
H,94,0
H,95,0
H,96,0
H,97,0
H,98,0
H,99,0
H,100,0
H,101,0
H,102,0
H,103,0
H,104,0
H,105,0
H,106,0
H,107,0
H,108,0
H,109,0
H,110,0
H,111,0
H,112,0
H,113,0
H,114,0
H,115,0
H,116,0
H,117,0
H,118,0
H,119,0
H,120,0
H,121,0
H,122,0
H,123,0
H,124,0
H,125,0
H,126,0
H,127,0
H,128,1
H,129,0
H,130,0
H,131,1
H,132,0
H,133,0
H,134,0
H,135,0
H,136,1
H,137,0
H,138,0
H,139,0
H,140,0
H,141,1
H,142,1
H,143,0
H,144,0
H,145,0
H,146,0
H,147,0
H,148,0
H,149,0
H,150,0
H,151,0
H,152,0
H,153,0
H,154,0
H,155,0
H,156,0
H,157,0
H,158,0
H,159,0
H,160,0
H,161,0
H,162,0
H,163,0
H,164,0
H,165,0
H,166,0
H,167,0
H,168,0
H,169,0
H,170,0
H,171,0
H,172,0
H,173,0
H,174,0
H,175,0
H,176,0
H,177,0
H,178,0
H,179,0
H,180,0
H,181,0
H,182,0
H,183,1
H,184,0
H,185,0
H,186,0
H,187,0
H,188,0
H,189,0
H,190,0
H,191,0
H,192,0
H,193,0
H,194,0
H,195,0
H,196,0
H,197,0
H,198,0
H,199,0
H,200,0
H,201,0
H,202,0
H,203,0
H,204,0
H,205,0
H,206,0
H,207,0
H,208,0
H,209,0
H,210,0
H,211,0
H,212,0
H,213,0
H,214,0
H,215,0
H,216,0
H,217,0
H,218,0
H,219,0
H,220,0
H,221,0
H,222,0
H,223,0
H,224,0
H,225,0
H,226,0
H,227,0
H,228,0
H,229,0
H,230,0
H,231,0
H,232,0
H,233,0
H,234,0
H,235,1
H,236,0
H,237,1
H,238,0
H,239,0
H,240,0
H,241,0
H,242,0
H,243,0
H,244,0
H,245,0
H,246,0
H,247,0
H,248,0
H,249,0
H,250,0
H,251,0
H,252,0
H,253,0
H,254,0
H,255,0
H,256,0
H,257,0
H,258,0
H,259,0
H,260,0
H,261,1
H,262,0
H,263,0
H,264,0
H,265,0
H,266,0
H,267,0
H,268,0
H,269,0
H,270,1
H,271,0
H,272,0
H,273,0
H,274,1
H,275,0
H,276,1
H,277,0
H,278,1
H,279,0
H,280,0
H,281,0
H,282,0
H,283,0
H,284,0
H,285,1
H,286,0
H,287,0
H,288,0
I,1,0
I,2,0
I,3,0
I,4,0
I,5,0
I,6,0
I,7,0
I,8,0
I,9,0
I,10,0
I,11,0
I,12,0
I,13,0
I,14,0
I,15,0
I,16,0
I,17,0
I,18,0
I,19,0
I,20,0
I,21,0
I,22,0
I,23,0
I,24,1
I,25,0
I,26,0
I,27,0
I,28,0
I,29,0
I,30,0
I,31,0
I,32,0
I,33,1
I,34,0
I,35,0
I,36,0
I,37,1
I,38,1
I,39,1
I,40,1
I,41,1
I,42,1
I,43,1
I,44,1
I,45,0
I,46,0
I,47,0
I,48,0
I,49,0
I,50,0
I,51,1
I,52,0
I,53,0
I,54,0
I,55,0
I,56,0
I,57,0
I,58,0
I,59,0
I,60,1
I,61,0
I,62,0
I,63,0
I,64,1
I,65,1
I,66,1
I,67,1
I,68,1
I,69,1
I,70,1
I,71,1
I,72,0
I,73,0
I,74,1
I,75,1
I,76,1
I,77,1
I,78,1
I,79,1
I,80,1
I,81,0
I,82,0
I,83,0
I,84,0
I,85,0
I,86,0
I,87,1
I,88,0
I,89,0
I,90,0
I,91,0
I,92,0
I,93,0
I,94,1
I,95,0
I,96,0
I,97,0
I,98,0
I,99,0
I,100,0
I,101,0
I,102,0
I,103,1
I,104,0
I,105,0
I,106,0
I,107,1
I,108,1
I,109,1
I,110,1
I,111,1
I,112,1
I,113,1
I,114,1
I,115,0
I,116,0
I,117,0
I,118,0
I,119,0
I,120,0
I,121,1
I,122,0
I,123,0
I,124,0
I,125,0
I,126,0
I,127,0
I,128,0
I,129,1
I,130,1
I,131,1
I,132,1
I,133,1
I,134,0
I,135,1
I,136,1
I,137,1
I,138,1
I,139,1
I,140,1
I,141,1
I,142,0
I,143,0
I,144,0
I,145,0
I,146,0
I,147,0
I,148,1
I,149,0
I,150,0
I,151,0
I,152,0
I,153,0
I,154,0
I,155,0
I,156,1
I,157,1
I,158,1
I,159,1
I,160,1
I,161,1
I,162,1
I,163,0
I,164,0
I,165,0
I,166,0
I,167,0
I,168,0
I,169,1
I,170,0
I,171,0
I,172,1
I,173,1
I,174,1
I,175,0
I,176,0
I,177,0
I,178,0
I,179,0
I,180,0
I,181,1
I,182,0
I,183,0
I,184,0
I,185,0
I,186,0
I,187,1
I,188,1
I,189,1
I,190,1
I,191,1
I,192,1
I,193,1
I,194,1
I,195,0
I,196,0
I,197,0
I,198,0
I,199,0
I,200,0
I,201,1
I,202,0
I,203,0
I,204,0
I,205,0
I,206,0
I,207,0
I,208,0
I,209,0
I,210,1
I,211,0
I,212,0
I,213,0
I,214,1
I,215,1
I,216,1
I,217,1
I,218,1
I,219,1
I,220,1
I,221,1
I,222,0
I,223,0
I,224,1
I,225,1
I,226,1
I,227,1
I,228,1
I,229,1
I,230,1
J,1,0
J,2,0
J,3,0
J,4,0
J,5,0
J,6,0
J,7,1
J,8,0
J,9,0
J,10,0
J,11,0
J,12,0
J,13,0
J,14,1
J,15,0
J,16,0
J,17,0
J,18,0
J,19,0
J,20,0
J,21,0
J,22,0
J,23,1
J,24,0
J,25,0
J,26,0
J,27,1
J,28,1
J,29,1
J,30,1
J,31,1
J,32,1
J,33,1
J,34,1
J,35,0
J,36,0
J,37,0
J,38,0
J,39,0
J,40,0
J,41,1
J,42,0
J,43,0
J,44,0
J,45,0
J,46,0
J,47,0
J,48,0
J,49,1
J,50,1
J,51,1
J,52,1
J,53,1
J,54,0
J,55,1
J,56,1
J,57,1
J,58,1
J,59,1
J,60,1
J,61,1
J,62,0
J,63,0
J,64,0
J,65,0
J,66,0
J,67,0
J,68,1
J,69,0
J,70,0
J,71,0
J,72,0
J,73,0
J,74,0
J,75,0
J,76,1
J,77,1
J,78,1
J,79,1
J,80,1
J,81,1
J,82,1
J,83,0
J,84,0
J,85,1
J,86,1
J,87,1
J,88,0
J,89,1
J,90,0
J,91,0
J,92,1
J,93,0
J,94,1
J,95,1
J,96,1
J,97,1
J,98,1
J,99,0
J,100,1
J,101,1
J,102,0
J,103,1
J,104,1
J,105,0
J,106,1
J,107,1
J,108,1
J,109,1
J,110,1
J,111,1
J,112,0
J,113,0
J,114,1
J,115,1
J,116,0
J,117,1
J,118,1
J,119,1
J,120,1
J,121,0
J,122,1
J,123,1
J,124,1
J,125,0
J,126,1
J,127,1
J,128,1
J,129,0
J,130,1
J,131,0
J,132,0
J,133,1
J,134,1
J,135,1
J,136,1
J,137,1
J,138,0
J,139,0
J,140,1
J,141,1
J,142,1
J,143,0
J,144,1
J,145,1
J,146,0
J,147,1
J,148,1
J,149,1
J,150,0
J,151,1
J,152,1
J,153,1
J,154,0
J,155,0
J,156,1
J,157,1
J,158,1
J,159,1
J,160,1
J,161,1
J,162,1
J,163,1
J,164,1
J,165,0
J,166,0
J,167,1
J,168,0
J,169,0
J,170,1
J,171,1
J,172,1
J,173,1
J,174,1
J,175,1
J,176,1
J,177,1
J,178,1
J,179,1
J,180,1
J,181,0
J,182,1
J,183,1
J,184,1
J,185,1
J,186,0
J,187,0
J,188,1
J,189,0
J,190,1
J,191,0
J,192,1
J,193,1
J,194,1
J,195,1
J,196,1
J,197,1
J,198,1
J,199,1
J,200,1
J,201,1
J,202,1
J,203,1
J,204,1
J,205,0
J,206,1
J,207,1
J,208,1
J,209,1
J,210,0
J,211,0
J,212,0
J,213,1
J,214,0
J,215,0
J,216,1
J,217,1
J,218,1
J,219,1
J,220,0
J,221,1
J,222,1
J,223,1
J,224,0
J,225,1
J,226,0
J,227,1
J,228,0
J,229,1
J,230,1
